[{"id":"user-image-default-logo.png","publicUrl":"np://user.desktop.nicepage.com/Site_206225226/images/default-logo.png","size":1804,"hash":"pVWyp9ScwghJ0IJ/x/tR7o2JZVo=","fileName":"default-logo.png","name":"default-logo","width":80,"height":40,"thumbnail":{"url":"np://user.desktop.nicepage.com/Site_206225226/images/thumbnails/default-logo.png","width":80,"height":40,"length":1804,"type":"png"},"folderId":null,"originalUrl":"//capp.nicepage.com/images/default-logo.png","usages":[]},{"id":"user-image-sd.jpg","publicUrl":"np://user.desktop.nicepage.com/Site_206225226/images/sd.jpg","size":752300,"hash":"XkrZ2mEnj+ZKcoMOFZiCwAxawu0=","fileName":"sd.jpg","name":"sd","width":1980,"height":949,"thumbnail":{"url":"np://user.desktop.nicepage.com/Site_206225226/images/thumbnails/sd.jpg","width":250,"height":120},"folderId":null,"originalUrl":"https://assets.nicepagecdn.com/d2cc3eaa/3955079/images/sd.jpg","usages":["384612240"]},{"id":"user-image-42.jpg","publicUrl":"np://user.desktop.nicepage.com/Site_206225226/images/42.jpg","size":746676,"hash":"mfVBPPk6oVPJ+laXYP3fWK2Y3zM=","fileName":"42.jpg","name":"42","width":1380,"height":920,"thumbnail":{"url":"np://user.desktop.nicepage.com/Site_206225226/images/thumbnails/42.jpg","width":250,"height":167},"folderId":null,"originalUrl":"https://assets.nicepagecdn.com/d2cc3eaa/3955079/images/42.jpg","usages":["384612240"]},{"id":"user-image-43.jpg","publicUrl":"np://user.desktop.nicepage.com/Site_206225226/images/43.jpg","size":414873,"hash":"x20P6vHblf7sIvWi6scMkwJ9Aqs=","fileName":"43.jpg","name":"43","width":996,"height":881,"thumbnail":{"url":"np://user.desktop.nicepage.com/Site_206225226/images/thumbnails/43.jpg","width":250,"height":221},"folderId":null,"originalUrl":"https://assets.nicepagecdn.com/d2cc3eaa/3955079/images/43.jpg","usages":["384612240"]},{"id":"user-image-53.jpg","publicUrl":"np://user.desktop.nicepage.com/Site_206225226/images/53.jpg","size":381745,"hash":"R45MIwZ6It5XmUeSbEBlAOeOLhI=","fileName":"53.jpg","name":"53","width":996,"height":881,"thumbnail":{"url":"np://user.desktop.nicepage.com/Site_206225226/images/thumbnails/53.jpg","width":250,"height":221},"folderId":null,"originalUrl":"https://assets.nicepagecdn.com/d2cc3eaa/3955079/images/53.jpg","usages":["384612240"]},{"id":"user-image-22.jpg","publicUrl":"np://user.desktop.nicepage.com/Site_206225226/images/22.jpg","size":491879,"hash":"o22N3O/FtZ6u2MhXb3eu/Z1S/AY=","fileName":"22.jpg","name":"22","width":996,"height":881,"thumbnail":{"url":"np://user.desktop.nicepage.com/Site_206225226/images/thumbnails/22.jpg","width":250,"height":221},"folderId":null,"originalUrl":"https://assets.nicepagecdn.com/d2cc3eaa/3955079/images/22.jpg","usages":["384612240"]},{"id":"user-image-xxxmin.jpg","publicUrl":"np://user.desktop.nicepage.com/Site_206225226/images/xxxmin.jpg","size":913710,"hash":"Rv/kxOk3ikb5Nk3Xv3HmWSSGpWE=","fileName":"xxxmin.jpg","name":"xxxmin","width":1980,"height":1320,"thumbnail":{"url":"np://user.desktop.nicepage.com/Site_206225226/images/thumbnails/xxxmin.jpg","width":250,"height":167},"folderId":null,"originalUrl":"https://assets.nicepagecdn.com/d2cc3eaa/3955079/images/xxxmin.jpg","usages":["384612240"]},{"id":"user-image-68.jpg","publicUrl":"np://user.desktop.nicepage.com/Site_206225226/images/68.jpg","size":551902,"hash":"lHER30S4zXIqTN7csQoqguYnfik=","fileName":"68.jpg","name":"68","width":996,"height":881,"thumbnail":{"url":"np://user.desktop.nicepage.com/Site_206225226/images/thumbnails/68.jpg","width":250,"height":221},"folderId":null,"originalUrl":"https://assets.nicepagecdn.com/d2cc3eaa/3955079/images/68.jpg","usages":["384612240"]},{"id":"user-image-46.jpg","publicUrl":"np://user.desktop.nicepage.com/Site_206225226/images/46.jpg","size":459423,"hash":"AXRjgOhWHGK7Z47QAtfzNOWpiSY=","fileName":"46.jpg","name":"46","width":996,"height":881,"thumbnail":{"url":"np://user.desktop.nicepage.com/Site_206225226/images/thumbnails/46.jpg","width":250,"height":221},"folderId":null,"originalUrl":"https://assets.nicepagecdn.com/d2cc3eaa/3955079/images/46.jpg","usages":["384612240"]},{"id":"user-image-09.jpg","publicUrl":"np://user.desktop.nicepage.com/Site_206225226/images/09.jpg","size":500942,"hash":"STvI9lzb3eZefoEiWy5bsrXWi7c=","fileName":"09.jpg","name":"09","width":996,"height":881,"thumbnail":{"url":"np://user.desktop.nicepage.com/Site_206225226/images/thumbnails/09.jpg","width":250,"height":221},"folderId":null,"originalUrl":"https://assets.nicepagecdn.com/d2cc3eaa/3955079/images/09.jpg","usages":["384612240"]},{"id":"user-image-p1.jpg","publicUrl":"np://user.desktop.nicepage.com/Site_206225226/images/p1.jpg","size":255435,"hash":"LGpuwD23+8Z/nfbSv/GNzgIce2U=","fileName":"p1.jpg","name":"p1","width":700,"height":560,"thumbnail":{"url":"np://user.desktop.nicepage.com/Site_206225226/images/thumbnails/p1.jpg","width":250,"height":200},"folderId":null,"originalUrl":"https://assets.nicepagecdn.com/d2cc3eaa/3955079/images/p1.jpg","usages":["384612240"]},{"id":"user-image-7777.jpg","publicUrl":"np://user.desktop.nicepage.com/Site_206225226/images/7777.jpg","size":270623,"hash":"YbZo7PZo0kNTHJud8jJK3yDSD1E=","fileName":"7777.jpg","name":"7777","width":700,"height":560,"thumbnail":{"url":"np://user.desktop.nicepage.com/Site_206225226/images/thumbnails/7777.jpg","width":250,"height":200},"folderId":null,"originalUrl":"https://assets.nicepagecdn.com/d2cc3eaa/3955079/images/7777.jpg","usages":["384612240"]},{"id":"user-image-45.jpg","publicUrl":"np://user.desktop.nicepage.com/Site_206225226/images/45.jpg","size":260041,"hash":"tpXHSUz++4Wy25yYHH0l5A1EZIU=","fileName":"45.jpg","name":"45","width":700,"height":560,"thumbnail":{"url":"np://user.desktop.nicepage.com/Site_206225226/images/thumbnails/45.jpg","width":250,"height":200},"folderId":null,"originalUrl":"https://assets.nicepagecdn.com/d2cc3eaa/3955079/images/45.jpg","usages":["384612240"]}]