[{"id":514518851,"title":"Blog Template","order":1,"templateKey":"blog","customTemplate":false,"customTemplateFilename":null,"pageLinks":[],"dateCreated":"2023-12-21T18:39:45.312Z","dateUpdated":"2023-12-21T18:39:46.632Z","folderId":null,"pageName":"Blog Template","serverPageId":null,"sectionCount":1,"status":2,"backwardUrl":null},{"id":31860994,"title":"Post Template","order":2,"templateKey":"post","customTemplate":false,"customTemplateFilename":null,"pageLinks":[],"dateCreated":"2023-12-21T18:39:45.434Z","dateUpdated":"2023-12-21T18:39:46.633Z","folderId":null,"pageName":"Post Template","serverPageId":null,"sectionCount":1,"status":2,"backwardUrl":null},{"id":10987215,"title":"Product List Template","order":3,"templateKey":"products","customTemplate":false,"customTemplateFilename":null,"pageLinks":[],"dateCreated":"2023-12-21T18:39:45.557Z","dateUpdated":"2023-12-21T18:39:46.633Z","folderId":null,"pageName":"Product List Template","serverPageId":null,"sectionCount":1,"status":2,"backwardUrl":null},{"id":912330015,"title":"Product Details Template","order":4,"templateKey":"product","customTemplate":false,"customTemplateFilename":null,"pageLinks":[],"dateCreated":"2023-12-21T18:39:45.686Z","dateUpdated":"2023-12-21T18:39:46.633Z","folderId":null,"pageName":"Product Details Template","serverPageId":null,"sectionCount":1,"status":2,"backwardUrl":null},{"id":5291320,"title":"Shopping Cart Template","order":5,"templateKey":"cart","customTemplate":false,"customTemplateFilename":null,"pageLinks":[],"dateCreated":"2023-12-21T18:39:45.803Z","dateUpdated":"2023-12-21T18:39:46.633Z","folderId":null,"pageName":"Shopping Cart Template","serverPageId":null,"sectionCount":1,"status":2,"backwardUrl":null},{"id":71317515,"title":"Checkout Template","order":6,"templateKey":"checkout","customTemplate":false,"customTemplateFilename":null,"pageLinks":[],"dateCreated":"2023-12-21T18:39:45.941Z","dateUpdated":"2023-12-21T18:39:46.633Z","folderId":null,"pageName":"Checkout Template","serverPageId":null,"sectionCount":1,"status":2,"backwardUrl":null},{"id":23259404,"title":"Login Template","order":7,"templateKey":"login","customTemplate":false,"customTemplateFilename":null,"pageLinks":[],"dateCreated":"2023-12-21T18:39:46.029Z","dateUpdated":"2023-12-21T18:39:46.633Z","folderId":null,"pageName":"Login Template","serverPageId":null,"sectionCount":1,"status":2,"backwardUrl":null},{"id":697122960,"title":"Page Password Template","order":8,"templateKey":"password","customTemplate":false,"customTemplateFilename":null,"pageLinks":[],"dateCreated":"2023-12-21T18:39:46.089Z","dateUpdated":"2023-12-21T18:39:46.633Z","folderId":null,"pageName":"Page Password Template","serverPageId":null,"sectionCount":1,"status":2,"backwardUrl":null},{"id":80424588,"title":"404 Not Found Template","order":9,"templateKey":"404","customTemplate":false,"customTemplateFilename":null,"pageLinks":[],"dateCreated":"2023-12-21T18:39:46.169Z","dateUpdated":"2023-12-21T18:39:46.633Z","folderId":null,"pageName":"404 Not Found Template","serverPageId":null,"sectionCount":1,"status":2,"backwardUrl":null},{"id":699123712,"title":"Thank You Page Template","order":10,"templateKey":"ThankYou","customTemplate":false,"customTemplateFilename":null,"pageLinks":[],"dateCreated":"2023-12-21T18:39:46.220Z","dateUpdated":"2023-12-21T18:39:46.633Z","folderId":null,"pageName":"Thank You Page Template","serverPageId":null,"sectionCount":1,"status":2,"backwardUrl":null},{"id":384612240,"title":"Accueil","order":50,"templateKey":null,"customTemplate":false,"customTemplateFilename":null,"pageLinks":[],"dateCreated":"2023-12-21T18:40:55.358Z","dateUpdated":"2023-12-21T19:01:40.786Z","folderId":null,"pageName":"Accueil_384612240","serverPageId":null,"sectionCount":4,"status":2,"backwardUrl":null},{"id":1943023274,"title":"À propos de","order":100,"templateKey":null,"customTemplate":false,"customTemplateFilename":null,"pageLinks":[],"dateCreated":"2023-12-21T18:39:46.263Z","dateUpdated":"2023-12-21T18:39:46.634Z","folderId":null,"pageName":"À propos de_1943023274","serverPageId":null,"sectionCount":1,"status":2,"backwardUrl":null},{"id":659022303,"title":"Contact","order":101,"templateKey":null,"customTemplate":false,"customTemplateFilename":null,"pageLinks":[],"dateCreated":"2023-12-21T18:39:46.301Z","dateUpdated":"2023-12-21T18:39:46.634Z","folderId":null,"pageName":"Contact_659022303","serverPageId":null,"sectionCount":1,"status":2,"backwardUrl":null}]